0,-0.69999999999999996,0.80000000000000004
0.050000000000000003,-0.65100736047089436,1.1554171733398544
0.10000000000000001,-0.58496311934172052,1.4805709980923603
0.15000000000000002,-0.5035971561788769,1.766944780431027
0.20000000000000001,-0.40904063928617318,2.0070375449141382
0.25,-0.30377032773518903,2.1945608296760275
0.30000000000000004,-0.19054346732804403,2.3246028003572068
0.35000000000000003,-0.072325762199547089,2.3937572996820395
0.40000000000000002,0.047786345350942602,2.4002130155471852
0.45000000000000001,0.16664681299321604,2.3438008561512249
0.5,0.28114236101254853,2.2259983935759928
0.55000000000000004,0.3882740511701071,2.0498911843392338
0.60000000000000009,0.48523582419245659,1.8200919387044783
0.65000000000000002,0.56948798488319796,1.5426197298697253
0.70000000000000007,0.63882376299399102,1.2247422761965809
0.75,0.69142708897997995,0.87478557808486235
0.80000000000000004,0.72592013480074469,0.50191591457335494
0.85000000000000009,0.74139941981921742,0.1158997546047128
0.90000000000000002,0.7374594966079967,-0.27315212324212362
0.95000000000000007,0.71420357311081928,-0.65504943674706984
1,0.67224078035127333,-1.0197892948384375
1.05,0.61267023504787088,-1.3578182012744604
1.1000000000000001,0.53705223615614339,-1.6602822794492613
1.1500000000000001,0.44736742760423936,-1.9192592009255436
1.2000000000000002,0.34596489095781841,-2.1279656784587129
1.25,0.23550063074727046,-2.280935130480136
1.3,0.11886799801481364,-2.3741608928836824
1.3500000000000001,-0.0008781070301562225,-2.4052011647753013
1.4000000000000001,-0.12060121257085428,-2.3732428996799704
1.4500000000000002,-0.2371654560331089,-2.279123173154737
1.5,-0.34751771372633017,-2.1253072240348549
1.55,-0.44876756877124047,-1.9158238967117167
1.6000000000000001,-0.53826302210519339,-1.6561601046608072
1.6500000000000001,-0.61365994158552262,-1.35311709071566
1.7000000000000002,-0.67298349115432543,-1.0146323950563827
1.75,-0.7146798308505945,-0.64957182540236691
1.8,-0.73765683584382402,-0.26749730674456906
1.8500000000000001,-0.74131268058632949,0.121583670709624
1.9000000000000001,-0.72555159459555973,0.50748006424476044
1.9500000000000002,-0.69078640178434692,0.88008424980763356
2,-0.63792767929868766,1.2296366685525146
2.0500000000000003,-0.5683599682238164,1.5469816772624005
2.1000000000000001,-0.48390541690928185,1.8238071498503257
2.1499999999999999,-0.38677611235320464,2.0528623123012535
2.2000000000000002,-0.27951611915609387,2.2281475596955365
2.25,-0.16493489733788327,2.3450718750291295
2.3000000000000003,-0.046033586967260981,2.4005725714597319
2.3500000000000001,0.074073470396083738,2.3931959540748822
2.4000000000000004,0.19224034657313988,2.3231352519339921
2.4500000000000002,0.30537194303523563,2.1922255379160784
2.5,0.41050504754669076,2.0038956808916586
2.5500000000000003,0.5048859421073173,1.7630785423586963
2.6000000000000001,0.58604254634278441,1.4760817625404146
2.6500000000000004,0.65184917867749859,1.1504224979516531
2.7000000000000002,0.70058217068389761,0.7946306318462939
2.75,0.73096506984290444,0.41802530213503986
2.8000000000000003,0.74220206786839404,0.03047078960900601
2.8500000000000001,0.73399884472930133,-0.35788183787991706
2.9000000000000004,0.70657026208766516,-0.73686060522083552
2.9500000000000002,0.66063474568082325,-1.0965390602456522
3,0.59739546631003348,-1.4274962764070305
3.0500000000000003,0.51850882907600815,-1.721063613330809
3.1000000000000001,0.42604108362244641,-1.9695517679928574
3.1500000000000004,0.322414203814057,-2.1664521835401755
3.2000000000000002,0.21034244938723229,-2.3066075237251731
3.25,0.092761273601434518,-2.3863467534499803
3.3000000000000003,-0.02724956326511685,-2.4035812920836324
3.3500000000000001,-0.14654666435796823,-2.3578597232805936
3.4000000000000004,-0.2620053259109924,-2.2503796133145419
3.4500000000000002,-0.37060137831282391,-2.0839561444768941
3.5,-0.46949040621266419,-1.8629483863351051
3.5500000000000003,-0.55608224646028537,-1.5931451132562691
3.6000000000000001,-0.62810883140646712,-1.2816131827183954
3.6500000000000004,-0.68368359563048731,-0.9365124430275743
3.7000000000000002,-0.72135088644348022,-0.56688200081168527
3.75,-0.74012410145251395,-0.18240344497673094
3.8000000000000003,-0.73951152807827503,0.20685277969778801
3.8500000000000001,-0.71952920350413674,0.59069097416036143
3.9000000000000004,-0.68070051874611293,0.95905742375663383
3.9500000000000002,-0.62404249916940568,1.3023036387233509
4,-0.55103916932542163,1.6114390868058295
4.0499999999999998,-0.46360268460096909,1.8783666844263371
4.1000000000000005,-0.3640232217717565,2.0960949971080431
4.1500000000000004,-0.25490902689379241,2.2589211059276888
4.2000000000000002,-0.13911809476052961,2.3625801205448909
4.25,-0.019683293694125539,2.4043569294696976
4.2999999999999998,0.10026706618532835,2.3831573172824676
4.3500000000000005,0.21759117061553535,2.299536550161918
4.4000000000000004,0.32921599212144131,2.1556848782975506
4.4500000000000002,0.43221778228254615,1.9553701311208866
4.5,0.52389865258869117,1.7038391018292454
4.5499999999999998,0.60185724020653497,1.4076800490967962
4.6000000000000005,0.66405160287152742,1.0746501643713016
4.6500000000000004,0.70885270826706281,0.71347237709576938
4.7000000000000002,0.73508709946061257,0.33360687837871317
4.75,0.74206762993274689,-0.054996664721134812
4.8000000000000007,0.72961146060462279,-0.44215971592595477
4.8500000000000005,0.69804484905069542,-0.8177414416228751
4.9000000000000004,0.64819460729382683,-1.1719043678130745
4.9500000000000002,0.58136644205408705,-1.4953720303368838
5,0.49931074949387322,-1.7796719291255316
5.0500000000000007,0.40417679867886369,-2.0173575170435982
5.1000000000000005,0.29845640333589823,-2.2022032029277341
5.1500000000000004,0.18491865400949481,-2.3293673620933277
5.2000000000000002,0.066537428833717632,-2.3955193971493194
5.25,-0.053586604172825361,-2.3989264323905273
5.3000000000000007,-0.17230706143695487,-2.3394992742646434
5.3500000000000005,-0.2865143426308614,-2.2187944890683373
5.4000000000000004,-0.39321705987649302,-2.0399736493812175
5.4500000000000002,-0.48962038571356858,-1.8077205269463767
5.5,-0.57319924444738579,-1.5281183820940696
5.5500000000000007,-0.64176450296237453,-1.208490834257784
5.6000000000000005,-0.69352024720607952,-0.85720974558618201
5.6500000000000004,-0.72711087610461866,-0.48347613152303315
5.7000000000000002,-0.74165654632572264,-0.097079032215453942
5.75,-0.73677631696532042,0.29186077332559229
5.8000000000000007,-0.71259797731723673,0.67315597123508775
5.8500000000000005,-0.66975482413701304,1.0368194371336892
5.9000000000000004,-0.60936903258569997,1.3733258691923289
5.9500000000000002,-0.53302225774110046,1.673861260537012
6,-0.44271425448404761,1.9305538405388782
6.0500000000000007,-0.34081040486463499,2.136680169894166
6.1000000000000005,-0.2299798299123465,2.2868412180297781
6.1500000000000004,-0.11312547792404129,2.37710388653732
6.2000000000000002,0.006691928787721721,2.4051039653422306
6.25,0.12633406043660028,2.3701080558551753
6.3000000000000007,0.24266717067983351,2.2730327881956249
6.3500000000000005,0.35264418989407703,2.1164208182726867
6.4000000000000004,0.45338453042908949,1.9043742263712351
6.4500000000000002,0.5422495163487776,1.6424471144976553
6.5,0.61691159080611779,1.3374999941720755
6.5500000000000007,0.67541514904907629,0.99752019902784217
6.6000000000000005,0.7162278068066239,0.63141272397918369
6.6500000000000004,0.73828057089289867,0.24876688350452694
6.7000000000000002,0.7409958174631246,-0.14039482989968236
6.75,0.72430243417750584,-0.52587923241373058
6.8000000000000007,0.68863766570907192,-0.8975894770078171
6.8500000000000005,0.63493566724842521,-1.2457894940711303
6.9000000000000004,0.56460303845082804,-1.5613589902405569
6.9500000000000002,0.47948197645928248,-1.8360323956190963
7,0.38180201697537269,-2.0626153341189957
7.0500000000000007,0.27412165555988122,-2.2351729723695231
7.1000000000000005,0.15926132763090561,-2.3491855412054221
7.1500000000000004,0.040229526690964662,-2.4016667575981185
7.2000000000000002,-0.079855992873925946,-2.3912420113994983
7.25,-0.19784987563557349,-2.3181843532193724
7.3000000000000007,-0.31066155142169949,-2.1844073458686291
7.3500000000000005,-0.41533618506875586,-1.9934149615976906
7.4000000000000004,-0.50913207232760427,-1.7502097999031034
7.4500000000000002,-0.58959244459770921,-1.4611620243343812
7.5,-0.65460983104236481,-1.1338425597283812
7.5500000000000007,-0.70248125547321616,-0.77682478412064671
7.6000000000000005,-0.73195285256810061,-0.39945996144889823
7.6500000000000004,-0.74225270687910749,-0.011632289938811021
7.7000000000000002,-0.73311100533414619,0.37650009603068013
7.75,-0.70476719833656953,0.75477097010216398
7.8000000000000007,-0.65796367730152594,1.1132724550274407
7.8500000000000005,-0.59392634924634258,1.4426142833232392
7.9000000000000004,-0.51433253767016152,1.7341702410292055
7.9500000000000002,-0.42126700628934949,1.9803037382422686
8,-0.31716737985268384,2.1745678164445521
8.0500000000000007,-0.20476034944319038,2.3118743733540756
8.0999999999999996,-0.08699009771138777,2.3886268538918722
8.1500000000000004,0.033058664137814095,2.4028149054627619
8.2000000000000011,0.15224153340313962,2.3540669202959128
8.25,0.26743679780896912,2.2436597373918929
8.3000000000000007,0.3756271895184074,2.0744852114437493
8.3499999999999996,0.47397891733926911,1.8509744686947607
8.4000000000000004,0.55991586913668256,1.5789818900207662
8.4500000000000011,0.63118718705503696,1.265631613205743
8.5,0.68592607059435129,0.91913108266640442
8.5500000000000007,0.72269874383324262,0.54855609263944349
8.5999999999999996,0.74054202977193606,0.16361297013929349
8.6500000000000004,0.7389885656544557,-0.22561562041602584
8.7000000000000011,0.71807904756388763,-0.60893474362273059
8.75,0.67836115149026155,-0.97630426580085938
8.8000000000000007,0.62087519421838877,-1.318101813405385
8.8499999999999996,0.54712688986889746,-1.6253747751266701
8.9000000000000004,0.45904789339180285,-1.8900749466183964
8.9500000000000011,0.35894522112273108,-2.1052691170709741
9,0.24944083041724818,-2.2653207465582925
9.0500000000000007,0.13340292850104804,-2.3660376597578336
9.0999999999999996,0.013870852397469699,-2.4047818295370975
9.1500000000000004,-0.10602453918382239,-2.3805384440233266
9.2000000000000011,-0.22314287067867342,-2.2939424994615738
9.25,-0.33441650471591,-2.1472621591207979
9.3000000000000007,-0.43693089141340241,-1.944339379852513
9.3499999999999996,-0.52800090955770373,-1.6904892421702842
9.4000000000000004,-0.60524118746431543,-1.3923607296458946
9.4500000000000011,-0.666628598279141,-1.0577626161888383
9.5,-0.71055524590052421,-0.6954589293913036
9.5500000000000007,-0.73587058589284382,-0.3149393777907058
9.6000000000000014,-0.74191156856858143,0.073829212910516348
9.6500000000000004,-0.72851992987281355,0.46066405294127488
9.7000000000000011,-0.69604643892187146,0.83543289010950916
9.75,-0.64534165982451652,1.1883195398640782
9.8000000000000007,-0.57773368701090178,1.5100809746351038
9.8500000000000014,-0.49499333534402917,1.7922893748213553
9.9000000000000004,-0.39928780382484858,2.0275529540690966
9.9500000000000011,-0.293123882501722,2.2097095633678805
10,-0.17928228822085918,2.333988056522986
10.050000000000001,-0.060744829111720772,2.3971332429151695
10.100000000000001,0.059383682082926423,2.3974912622063971
10.15,0.17795677434825452,2.3350527362179618
10.200000000000001,0.29186870984694946,2.2114530468811209
10.25,0.39813583636189454,2.0299295928610697
10.300000000000001,0.49397473849361662,1.7952369481962609
10.350000000000001,0.57687512884662395,1.5135222805106006
10.4,0.6446656231085075,1.1921644629854282
10.450000000000001,0.69557063043065459,0.83958077384750407
10.5,0.72825680048735353,0.46500627678911166
10.550000000000001,0.74186801801760394,0.078252091320569317
10.600000000000001,0.73604777393503296,-0.31055168921589926
10.65,0.71094843748667214,-0.69122127490137886
10.700000000000001,0.66722749762959821,-1.0537858609944639
10.75,0.60603012580264348,-1.3887489473436929
10.800000000000001,0.52895923712991166,-1.6873369706290351
10.850000000000001,0.43803353450568266,-1.9417291307200044
10.9,0.33563459968249215,-2.1452622420496348
10.950000000000001,0.22444453389042768,-2.2926052453961203
11,0.10737569937994848,-2.3798988529273268
11.050000000000001,-0.012505552739834114,-2.4048567822899845
11.100000000000001,-0.13205923994703606,-2.3668252018130636
11.15,-0.24815394009599381,-2.2668002354359298
11.200000000000001,-0.35774882252960138,-2.1074017715136018
11.25,-0.45797330971328537,-1.8928049359445347
11.300000000000001,-0.54620225761642327,-1.6286305784781352
11.350000000000001,-0.62012471962549842,-1.321798133429579
11.4,-0.67780447409524847,-0.98034435907395434
11.450000000000001,-0.71773073882483984,-0.61321283064902787
11.5,-0.73885774263571491,-0.23001969321781207
11.550000000000001,-0.74063213942735817,0.15919820585543906
11.600000000000001,-0.72300746189027298,0.54424625568788909
11.65,-0.68644531303361622,0.91503906415645409
11.700000000000001,-0.63190334824278882,1.2618645832640993
11.75,-0.56081012944446462,1.5756384484309194
11.800000000000001,-0.47502787900794474,1.8481422923834581
11.850000000000001,-0.3768033772195179,2.0722384428608143
11.9,-0.2687094365586532,2.2420571117265271
11.950000000000001,-0.1535772784324741,2.3531504383144304
12,-0.034422534610600533,2.4026085758963411
12.050000000000001,0.085633815089166718,2.3891361556044477
12.100000000000001,0.20344719299820882,2.3130859754967834
12.15,0.31593175648903027,2.1764499812556686
12.200000000000001,0.42014123711609508,1.9828070448471984
12.25,0.51334611487535364,1.7372291778649398
12.300000000000001,0.59310510227355984,1.4461486888228992
12.350000000000001,0.65732910372231801,1.117189766996054
12.4,0.70433592153624192,0.75896871575419456
12.450000000000001,0.73289434877633008,0.38086835038951355
12.5,0.7422563415648451,-0.0072080029842687479
12.550000000000001,0.73217669331751822,-0.39509555100414506
12.600000000000001,0.70291941325812646,-0.77263450800259514
12.65,0.65525082654425104,-1.1299361349935624
12.700000000000001,0.59041950030043455,-1.4576417534671642
12.75,0.51012353909288177,-1.7471678924636584
12.800000000000001,0.41646610455625332,-1.9909311139937578
12.850000000000001,0.31190032932762657,-2.182546626506376
12.9,0.19916506619614932,-2.3169955138481781
12.950000000000001,0.08121315024845413,-2.3907562034409398
13,-0.038865957623295283,-2.4018967229850134
13.050000000000001,-0.15792706528415912,-2.3501252516772939
13.100000000000001,-0.27285165210530971,-2.2367978313321064
13.15,-0.38062953521520193,-2.0648827931891018
13.200000000000001,-0.47843772994540518,-1.8388830445742044
13.25,-0.56371438369099303,-1.5647181178835978
13.300000000000001,-0.63422587651989593,-1.2495691130312689
13.350000000000001,-0.68812532488444322,-0.90169061995908062
13.4,-0.72400095991303959,-0.53019449880330938
13.450000000000001,-0.74091310866810733,-0.14481120232908221
13.5,-0.73841880077480482,0.24436509793784081
13.550000000000001,-0.71658336597595373,0.62714085522185525
13.600000000000001,-0.67597872789537006,0.9934901433288591
13.65,-0.61766842943628419,1.3338173100795323
13.700000000000001,-0.54317976859307227,1.639208285406659
13.75,-0.45446377980146035,1.901664008831675
13.800000000000001,-0.35384420267163347,2.1143101422484323
13.850000000000001,-0.24395651958404768,2.2715768862854793
13.9,-0.12767898937904451,2.3693450713777922
13.950000000000001,-0.0080572193874034401,2.4050538393698875
14,0.11177557692278686,2.3777680463479358
14.050000000000001,0.22868067586610874,2.2882022603725427
14.100000000000001,0.3395960262975819,2.1387024448341707
14.15,0.44161646404262411,1.9331843945059732
14.200000000000001,0.53206980346561916,1.6770311570842689
14.25,0.60858683276138803,1.3769520782100029
14.300000000000001,0.66916338197968028,1.0408070335966169
14.350000000000001,0.71221278046111069,0.67740050619779613
14.4,0.73660745516163384,0.29625107635802239
14.450000000000001,0.74170844607286834,-0.092657950497812391
14.5,0.72738214402782275,-0.47914002632116898
14.550000000000001,0.69400379225985076,-0.85307216569242117
14.600000000000001,0.64244765748149701,-1.2046601026970414
14.65,0.57406413212847252,-1.5246948149768982
14.700000000000001,0.49064436858364163,-1.8047937242278151
14.75,0.39437333744872138,-2.0376204129649382
14.800000000000001,0.28777262286319305,-2.2170765234365799
14.850000000000001,0.17363438707236728,-2.33846155930354
14.9,0.05494820972137901,-2.3985961181266058
14.950000000000001,-0.065177207432047857,-2.3959051436960985
15,-0.18359546564188065,-2.3304591176592964
15.050000000000001,-0.29720487797235612,-2.2039722420666656
15.100000000000001,-0.40302971498709295,-2.0197575179053167
15.15,-0.49829814453436844,-1.7826400327725755
15.200000000000001,-0.58051483595070941,-1.4988305207714649
15.25,-0.64752631624215928,-1.1757627048252703
15.300000000000001,-0.69757738010203951,-0.82189858072262878
15.350000000000001,-0.72935705954844576,-0.44650677977913938
15.4,-0.74203296255611817,-0.0594197939604586
15.450000000000001,-0.7352730744681677,0.32922356900671323
15.5,-0.70925445223083694,0.70924369928524
15.550000000000001,-0.66465859203050859,1.0706868726252896
15.600000000000001,-0.60265357678312814,1.4040859425893433
15.65,-0.52486349519838393,1.7007082313951019
15.700000000000001,-0.43332586003252804,1.9527845886525845
15.75,-0.33043827465423453,2.1537124420035463
15.800000000000001,-0.21889563612523083,2.2982289396089395
15.850000000000001,-0.10161954374408452,2.3825487693014029
15.9,0.018318233598811084,2.4044633529504731
15.950000000000001,0.13777621288374775,2.3633986933326794
16,0.25362547084700376,2.2604304093584195
16.050000000000001,0.36283161088470767,2.0982555135061882
16.100000000000001,0.46253423563647883,1.8811217949331784
16.150000000000002,0.55012186849239997,1.614716568722228
16.199999999999999,0.62330037714259412,1.3060176606449598
16.25,0.68015301529722327,0.96311070669748888
16.300000000000001,0.71919065443211183,0.59497735350077419
16.350000000000001,0.73939079807897101,0.21125997919456346
16.400000000000002,0.74022435383303031,-0.17799085309315152
16.449999999999999,0.72166948849296608,-0.56257964030316387
16.5,0.68421219979643755,-0.93243299138732294
16.550000000000001,0.62883359446932108,-1.277863472042543
16.600000000000001,0.55698418461582877,-1.5898233496052505
16.650000000000002,0.47054589337094022,-1.8601415639500958
16.699999999999999,0.37178275730026161,-2.0817377326510824
16.75,0.26328165836600093,-2.248807701619091
16.800000000000001,0.14788452771838312,-2.3569754775413729
16.850000000000001,0.028613928306949747,-2.4034079266064574
16.900000000000002,-0.091406145539679962,-2.3868888382799969
16.949999999999999,-0.20903205678464953,-2.3078508386932706
17,-0.3211828677968479,-2.168364149310968
17.050000000000001,-0.42492105362912713,-1.9720823011615927
17.100000000000001,-0.51752943485934344,-1.7241464193606091
17.150000000000002,-0.59658234419424871,-1.4310505764885697
17.199999999999999,-0.66000918615381832,-1.1004717778973792
17.25,-0.70614864893068086,-0.74106875935687877
17.300000000000001,-0.73379222219995299,-0.36225523750312072
17.350000000000001,-0.74221588195481603,0.026046637060300283
17.400000000000002,-0.73119894799273066,0.41366631907235341
17.449999999999999,-0.70102998986597198,0.79045101096368686
17.5,-0.65249920188540267,1.1465317753356623
17.550000000000001,-0.58687774258578251,1.4725816943952728
17.600000000000001,-0.50588441721442523,1.7600608360158889
17.650000000000002,-0.41164065163363511,2.0014393771524528
17.699999999999999,-0.30661493095206477,2.190394902045107
17.75,-0.19355820287834624,2.3219783586461586
17.800000000000001,-0.075431666305898565,2.3927430827732179
17.850000000000001,0.044670635974794273,2.4008355636833367
17.900000000000002,0.16360289655441773,2.3460438519293154
17.949999999999999,0.27824996851879424,2.2298030872917947
18,0.38560894221990544,2.0551579217061713
18.050000000000001,0.48286780240682042,1.8266827743157339
18.100000000000001,0.5674790692867463,1.5503620460469674
18.150000000000002,0.63722659674909843,1.2334332478295238
18.199999999999999,0.69028350102796843,0.88419755846079484
18.25,0.72526006240116658,0.51180241221823686
18.300000000000001,0.74124014764273782,0.12600181203821684
18.350000000000001,0.73780519787658783,-0.26309912276169095
18.400000000000002,0.71504519087718643,-0.64530879684293174
18.449999999999999,0.67355627095516613,-1.0106161367507216
18.5,0.61442514237888257,-1.3494527838131731
18.550000000000001,0.53920061343711845,-1.6529436644277797
18.600000000000001,0.44985300245888388,-1.9131396732140493
18.650000000000002,0.34872255239383043,-2.1232255664638506
18.699999999999999,0.23845814182221395,-2.2776985950323416
18.75,0.12194788487712348,-2.3725126955263263
18.800000000000001,0.0022434913610366869,-2.4051844516486884
18.850000000000001,-0.1175196673625134,-2.3748581069866264
18.900000000000002,-0.23420467877815687,-2.2823279879513469
18.949999999999999,-0.34475525567529774,-2.130017687151152
19,-0.44627578666378159,-1.9219166176000861
19.050000000000001,-0.53610718132654211,-1.6634755007147837
19.100000000000001,-0.61189651106845333,-1.3614635669314867
19.150000000000002,-0.6716586490053954,-1.0237913054992043
19.200000000000003,-0.71382828041315882,-0.65930328524764126
19.25,-0.73730087076902862,-0.27754640504729339
19.300000000000001,-0.74146164567013839,0.11148009395086525
19.350000000000001,-0.72620158043446092,0.49758666897744014
19.400000000000002,-0.69192038647733256,0.87066014020436788
19.450000000000003,-0.63951597716909503,1.2209287302100649
19.5,-0.57036096398502056,1.5392179851222119
19.550000000000001,-0.48626667934417317,1.8171910176692241
19.600000000000001,-0.38943579777601206,2.0475670193756583
19.650000000000002,-0.28240457430685978,2.2243118269698927
19.700000000000003,-0.16797644433616638,2.3427960647542116
19.75,-0.049148589209876456,2.3999163819900291
19.800000000000001,0.070966597742726678,2.3941766152838873
19.850000000000001,0.18922298847532992,2.3257270497384543
19.900000000000002,0.3025231310894067,2.1963605737775973
19.950000000000003,0.40789939669493208,2.0094656396738539
20,0.50259169887776833,1.7699374962806962
20.050000000000001,0.58411979016043203,1.4840500102333531
20.100000000000001,0.65034823791268015,1.1592913618502516
20.150000000000002,0.69954235498379591,0.80416786165700405
20.200000000000003,0.73041361512186265,0.42798112102943831
20.25,0.74215345931037513,0.040584502312495302
20.300000000000001,0.73445434364926787,-0.34787517287851888
20.350000000000001,0.70751793767710836,-0.72722308334691343
20.400000000000002,0.66204977591014802,-1.0875231075804821
20.450000000000003,0.59924079036898137,-1.4193380408046095
20.5,0.52073610262295023,-1.7139767491843325
20.550000000000001,0.42859196923040932,-1.9637218828759495
20.600000000000001,0.32522188847796324,-2.1620319568889919
20.650000000000002,0.21333339850971134,-2.3037127221253444
20.700000000000003,0.095857168287264788,-2.3850532588833548
20.75,-0.024129823267499299,-2.4039229780482043
20.800000000000001,-0.14348479185309362,-2.3598276251707917
20.850000000000001,-0.25908151489310849,-2.2539221860450951
20.900000000000002,-0.36789221202249506,-2.0889806116945699
20.950000000000003,-0.4670668446366365,-1.869323144016777
21,-0.5540077500304621,-1.6007031219077965
21.050000000000001,-0.62643772290014055,-1.2901564769150535
21.100000000000001,-0.68245963900568229,-0.94581727895041123
21.150000000000002,-0.72060613387940919,-0.57670466628361916
21.200000000000003,-0.73987805999321121,-0.19248668678962896
21.25,-0.7397706525818607,0.19677298378008151
21.300000000000001,-0.72028671281786205,0.58087864052627025
21.350000000000001,-0.68193657256484741,0.94976954946149039
21.400000000000002,-0.62572472188122041,1.2937834895066285
21.450000000000003,-0.55312349603009747,1.6039098289966307
21.5,-0.46603451123697864,1.8720255201835934
21.550000000000001,-0.36673889076709909,2.0911080073945483
21.600000000000001,-0.25783740130306104,2.2554188652170248
21.650000000000002,-0.14218246963957359,2.360654374123631
21.700000000000003,-0.022803407711524958,2.4040581465968089
21.75,0.097172942009851465,2.3844933272231561
21.800000000000001,0.21460407617869848,2.3024723607007926
21.850000000000001,0.326414165702543,2.1601435923310457
21.900000000000002,0.42967461033717885,1.9612349867330015
21.950000000000003,0.52168073189463959,1.7109565131769373
22,0.60002268422095884,1.4158635891593008
22.050000000000001,0.66264847881036903,1.0836854542074532
22.100000000000001,0.70791776588422661,0.72312274696028667
22.150000000000002,0.73464482149565291,0.34361955128367605
22.200000000000003,0.7421295977933603,-0.044883947137498839
22.25,0.73017604991697593,-0.43221182441233208
22.300000000000001,0.69909727252626819,-0.8082189438405416
22.350000000000001,0.64970729605201294,-1.1630566898400392
22.400000000000002,0.58329977550043965,-1.4874309252947466
22.450000000000003,0.50161410092932823,-1.772845435095064
22.5,0.40678983604536251,-2.0118244591149277
22.550000000000001,0.30131067664950673,-2.1981085141630619
22.600000000000001,0.18793939963082973,-2.3268183307374071
22.650000000000002,0.069645495549642958,-2.3945826626979927
22.700000000000003,-0.050472605594411454,-2.3996265824718694
22.75,-0.16926870116802656,-2.3418179813943514
22.800000000000001,-0.28363120522040253,-2.2226710115656929
22.850000000000001,-0.39056466148727442,-2.0453064444499551
22.900000000000002,-0.48726820259043857,-1.8143699247962561
22.950000000000003,-0.57120890886482134,-1.5359102875765229
23,-0.64018815332533308,-1.2172211261063632
23.050000000000001,-0.69239918649067012,-0.86664975520461951
23.100000000000001,-0.72647446231083534,-0.49337856549587988
23.150000000000002,-0.7415214644951672,-0.10718450060572823
23.200000000000003,-0.73714607562711154,0.28181703827629995
23.25,-0.71346289418579245,0.66343704491145106
23.300000000000001,-0.67109224491632347,1.0276798889693108
23.350000000000001,-0.61114392658446071,1.365005098470905
23.400000000000002,-0.53518814774209233,1.6665772134515957
23.450000000000003,-0.445214390440064,1.9244972961321352
23.5,-0.34357929193587938,2.1320097993565348
23.550000000000001,-0.23294494344554723,2.2836793845692966
23.600000000000001,-0.11620915468653861,2.3755333889549912
23.650000000000002,0.0035704575717578207,2.4051659130743954
23.700000000000003,0.1232565519459429,2.3718008255714875
23.75,0.2397142355515538,2.2763120398296923
23.800000000000001,0.34989317467754372,2.1212006548080145
23.850000000000001,0.45090749235939215,1.9105294357021763
23.900000000000002,0.54011135761863838,1.649816428759449
23.950000000000003,0.61516828680956281,1.3458903937341695
24,0.67411233929905978,1.006711963056292
24.050000000000001,0.71539961790869011,0.64116510861692233
24.100000000000001,0.73794870257456191,0.25882445362612988
24.150000000000002,0.74116897289194472,-0.13029549563755496
24.200000000000003,0.72497608110557554,-0.51600267612058703
24.25,0.68979415998614746,-0.88819438994779809
24.300000000000001,0.63654471645252231,-1.2371219572563901
24.350000000000001,0.56662248221545553,-1.5536460233773195
24.400000000000002,0.4818589062385239,-1.8294759695826215
24.450000000000003,0.38447417741001833,-2.0573870770812746
24.5,0.27701907496482975,-2.2314098081942646
24.550000000000001,0.16230812103278852,-2.3469860056374934
24.600000000000001,0.043345905166627653,-2.4010884818032667
24.650000000000002,-0.076751641638569443,-2.3923001829507973
24.700000000000003,-0.19483885761505848,-2.3208513004224964
24.75,-0.30782273077963285,-2.1886132301339369
24.800000000000001,-0.41274391721726383,-1.9990496288924784
24.850000000000001,-0.50685425514667093,-1.7571256640868036
24.900000000000002,-0.58768872847666298,-1.4691778993309006
24.950000000000003,-0.65313007452928673,-1.1427485012350327
25,-0.70146422374762418,-0.78638755799007165
25.050000000000001,-0.73142517052350908,-0.40942908217463281
25.100000000000001,-0.74222817939935049,-0.021746632289527668
25.150000000000002,-0.73359028020556472,0.36650539472521498
25.200000000000003,-0.70573766052137976,0.74515763766938981
25.25,-0.65939992909129663,1.1042921436965534
25.300000000000001,-0.59579078861384338,1.4345022608477322
25.350000000000001,-0.51657632915241969,1.7271389159969308
25.400000000000002,-0.42383139632646605,1.9745371914858423
25.450000000000003,-0.31998522256902351,2.1702170886199088
25.5,-0.20775781526253612,2.3090532361274878
25.550000000000001,-0.09008870973628226,2.387409173048328
25.600000000000001,0.029940019740375683,2.4032327439373993
25.650000000000002,0.14918453244704899,2.3561093276896097
25.700000000000003,0.26452150127959956,2.2472732123463346
25.75,0.37292994296764131,2.0795750520143321
25.800000000000001,0.47157035405453024,1.8574073749382687
25.850000000000001,0.55785908487700542,1.586589338188594
25.900000000000002,0.62953600759483541,1.2742143870764329
25.950000000000003,0.68472371705143065,0.92846445085465112
26,0.72197670483641008,0.55839563248788349
26.050000000000001,0.7403192193280298,0.17370101065555682
26.100000000000001,0.7392708490694907,-0.21554324012758469
26.150000000000002,0.71885905831501384,-0.59914182074758315
26.200000000000003,0.67961844960892037,-0.9670473077498668
26.25,0.62257682871891418,-1.3096232406779931
26.300000000000001,0.54922826732632768,-1.6178966399767465
26.350000000000001,0.46149401500460524,-1.8837931568315736
26.400000000000002,0.3616720130249198,-2.1003481255393011
26.450000000000003,0.25237688371771877,-2.2618894258551681
26.5,0.13647133976166254,-2.3641859073029985
26.550000000000001,0.016991257920302143,-2.4045581291664391
26.600000000000001,-0.10293385655820744,-2.3819487614545736
26.650000000000002,-0.22016286690737516,-2.2969498730988667
26.700000000000003,-0.33162523674135708,-2.1517878164969431
26.75,-0.43440146930874124,-1.9502647865193206
26.800000000000001,-0.52579958910292612,-1.6976591923167992
26.850000000000001,-0.60342563537662575,-1.4005874394033524
26.900000000000002,-0.66524636559944061,-1.0668306032288974
26.950000000000003,-0.70964256253489411,-0.70513073854279418
27,-0.73545135316823018,-0.32496162824597935
27.050000000000001,-0.74199673966409685,0.063719092999630175
27.100000000000001,-0.72910728281072956,0.45073085387572137
27.150000000000002,-0.69712059041514818,0.82593678886410204
27.200000000000003,-0.64687447784846208,1.179509268774289
27.25,-0.57968502327901605,1.5021872985238667
27.300000000000001,-0.49731210073450793,1.7855190678903798
27.350000000000001,-0.40191327220957274,2.0220833997675722
27.400000000000002,-0.29598728264071678,2.2056840622966516
27.450000000000003,-0.1823086107441089,2.3315120754513519
27.5,-0.063854797949881664,2.3962716755597566
27.550000000000001,0.056271550250941091,2.3982666443950449
27.600000000000001,0.17492399524812502,2.3374447067676307
27.650000000000002,0.28899472213049537,2.2153989521138246
27.700000000000003,0.39549591710062632,2.0353260813696337
27.75,0.49163803587197719,1.8019426737258544
27.800000000000001,0.57490286173224381,1.5213616571022113
27.850000000000001,0.64310947187588541,1.2009321825152699
27.900000000000002,0.69447135575328289,0.84904714054359609
27.950000000000003,0.72764321029974155,0.4749233267930183
28,0.74175617829226637,0.088360022939464877
28.050000000000001,0.73644060332646644,-0.30051764606068709
28.100000000000001,0.71183571647721777,-0.68152400804033164
28.150000000000002,0.6685859815238282,-1.0446794602353444
28.200000000000003,0.60782422016962001,-1.3804720036844409
28.25,0.53114194578672846,-1.6801063606405844
28.300000000000001,0.44054766786724248,-1.9357343166337437
28.350000000000001,0.33841428819878877,-2.1406603034655936
28.400000000000002,0.2274169504040757,-2.2895167778083771
28.450000000000003,0.11046296469430453,-2.378404794686066
28.5,-0.0093843373321441659,-2.4049961416302308
28.550000000000001,-0.12898584043706218,-2.3685943199588944
28.600000000000001,-0.24520886663058422,-2.2701527888135606
28.650000000000002,-0.35500922965981069,-2.1122499896211342
28.700000000000003,-0.45551096926690926,-1.8990218109810781
28.75,-0.54408167998366086,-1.6360532524095512
28.800000000000001,-0.6184014608913323,-1.3302321531744234
28.850000000000001,-0.67652368199298618,-0.98956877660581299
28.900000000000002,-0.71692596959399046,-0.62298599443295433
28.950000000000003,-0.73855007979836584,-0.240085593215318
29,-0.74082962555948362,0.14910329217943735
29.050000000000001,-0.72370489674514404,0.53438677227098941
29.100000000000001,-0.687624435440231,0.90567326261223735
29.150000000000002,-0.63353328339428494,1.2532377894158186
29.200000000000003,-0.5628482318582182,1.5679767142221226
29.25,-0.47742071209191767,1.8416461941877516
29.300000000000001,-0.37948828495819042,2.0670781735509065
29.350000000000001,-0.27161605764784313,2.2383679642275909
29.400000000000002,-0.15662949199103121,2.3510290010002808
29.450000000000003,-0.037540388018184004,2.402110397296298
29.5,0.082531998849783295,2.3902742114740594
29.550000000000001,0.20044265733593769,2.3158304624572001
29.600000000000001,0.31310319698928729,2.1807290207929704
29.650000000000002,0.41756274141435218,1.9885085462396976
29.700000000000003,0.51108522005397494,1.7442038057530544
29.75,0.59122102509824648,1.4542137619920572
29.800000000000001,0.65587118738729822,1.1261340238792479
29.850000000000001,0.70334235125549194,0.76855788537444236
29.900000000000002,0.73239113094057429,0.39085122791954763
29.950000000000003,0.74225669051174803,0.0029072085236498506
30,0.73268058886812426,-0.38511299329755294
30.050000000000001,0.70391365541702866,-0.76304608910806615
30.100000000000001,0.65670936609456221,-1.1209930378917152
30.150000000000002,0.59230411995429855,-1.4495781315878118
30.200000000000003,0.51238488387636327,-1.7401949397554224
30.25,0.41904494066414905,-1.9852314837765461
30.300000000000001,0.31472910509548352,-2.1782695418941072
30.350000000000001,0.20216972826804519,-2.3142531131290425
30.400000000000002,0.084314986232737477,-2.3896203077058291
30.450000000000003,-0.035748196909846486,-2.4023970520511839
30.5,-0.15487504211718181,-2.3522487039018696
30.550000000000001,-0.26994530396609623,-2.240488781655317
30.600000000000001,-0.3779449886678683,-2.0700445717304561
30.650000000000002,-0.47604529972937815,-1.8453804577073043
30.700000000000003,-0.56167671706452216,-1.5723810184259355
30.75,-0.63259637174407535,-1.2581967751357586
30.800000000000001,-0.68694667905060758,-0.91105702229785157
30.850000000000001,-0.72330404369297441,-0.54005429261574189
30.900000000000002,-0.74071616654373762,-0.15490611893241446
30.950000000000003,-0.73872698772985357,0.23429945830884519
31,-0.71738860706390783,0.61736812718562117
31.050000000000001,-0.67725993376569227,0.98426630731458387
31.100000000000001,-0.61939203628647954,1.3253839706724277
31.150000000000002,-0.54530063256616401,1.6317863442859954
31.200000000000003,-0.45692637217215532,1.8954479446847736
31.25,-0.35658401120402133,2.1094627760644187
31.300000000000001,-0.24690178012725011,2.2682252316585849
31.350000000000001,-0.1307525444307229,2.3675769094836445
31.400000000000002,-0.011178557418725532,2.4049155304865342
31.450000000000003,0.10868823166406054,2.3792631019029371
31.5,0.22570818962545908,2.2912915194896266
31.550000000000001,0.33681625695722783,2.1433049905516168
31.600000000000001,0.43910222098740925,1.939179671859677
31.650000000000002,0.52988693289681887,1.6842621642986695
31.700000000000003,0.60679252844695075,1.3852293997570424
31.75,0.6678046435119207,1.0499138178762601
31.800000000000001,0.71132519630612301,0.68709823389356683
31.850000000000001,0.73621426853528349,0.30628574062688241
31.900000000000002,0.74181995398892453,-0.082549185638169181
31.950000000000003,0.72799542145733898,-0.4692219382513681
32,0.69510277512450735,-0.84360453570055716
32.050000000000004,0.64400356046819396,-1.1958909126779447
32.100000000000001,0.57603619994940358,-1.5168537633794041
32.149999999999999,0.49298093834943985,-1.7980862253733665
32.200000000000003,0.39701321146909796,-2.0322220795573487
32.25,0.29064666664754013,-2.2131286955481606
32.300000000000004,0.1766673223954798,-2.3360676575337798
32.350000000000001,0.058060598046713999,-2.3978188707393588
32.399999999999999,-0.062066881464521939,-2.3967649071193935
32.450000000000003,-0.18056867469427573,-2.3329333808257275
32.5,-0.29434089981822281,-2.2079961976822022
32.550000000000004,-0.40040356221453804,-2.0252257923532784
32.600000000000001,-0.49597859723649063,-1.7894094122544115
32.649999999999999,-0.57856264652174372,-1.5067237117792267
32.700000000000003,-0.64599262213833708,-1.1845729653739119
32.75,-0.69650235553446715,-0.83139515006257358
32.800000000000004,-0.72876886440992505,-0.45644092092261912
32.850000000000001,-0.7419470049311464,-0.069531312712741655
32.899999999999999,-0.73569160875588335,0.31919953047332378
32.950000000000003,-0.71016651702040956,0.69956971248140998
33,-0.66604029550651545,1.0616163222035642
33.050000000000004,-0.60446872478759028,1.3958564013356212
33.100000000000001,-0.52706453034645406,1.6935353264413067
33.149999999999999,-0.43585511758169637,1.9468560589122668
33.200000000000003,-0.33322951509267595,2.1491834695077681
33.25,-0.22187576381285556,2.2952180911217783
33.300000000000004,-0.10471051495225753,2.38113490587885
33.350000000000001,0.015197367183096382,2.4046835213306177
33.399999999999999,0.1347071788901669,2.3652472775725162
33.450000000000003,0.25068865528064921,2.2638589784808203
33.5,0.36010393649324396,2.1031742660579957
33.550000000000004,0.46008714887880964,1.8874018938279098
33.600000000000001,0.5480194631033557,1.6221934834743681
33.649999999999999,0.62159771290912269,1.3144956089790765
33.700000000000003,0.6788946877443206,0.9723676460175571
33.75,0.71840962409575992,0.60477080457468335
33.800000000000004,0.73910752513816702,0.22133342748777865
33.850000000000001,0.74044625854845947,-0.16790125258935268
33.899999999999999,0.7223907604326103,-0.5527381746715927
33.950000000000003,0.68541394937548294,-0.92309743301236691
34,0.63048434488549021,-1.2692783394162315
34.050000000000004,0.55904069793297195,-1.5822135094528231
34.100000000000001,0.47295430559951723,-1.8537063494704908
34.149999999999999,0.37447999774171042,-2.07664575059197
34.200000000000003,0.26619707784361885,-2.2451923391116333
34.25,0.1509417621191676,-2.3549314295164803
34.300000000000004,0.031732886708881761,-2.4029886824327384
34.350000000000001,-0.088307166124077435,-2.388105362807762
34.399999999999999,-0.20603422058251272,-2.3106712883057252
34.450000000000003,-0.31836469674966467,-2.1727146616589494
34.5,-0.4223563654985944,-1.9778489298523425
34.550000000000004,-0.51528540629129338,-1.7311781485029853
34.600000000000001,-0.59471776931354381,-1.4391632758356594
34.649999999999999,-0.6585729266730217,-1.1094529154415735
34.700000000000003,-0.70517833140740438,-0.75068305698150195
34.75,-0.73331325743465992,-0.37225083685062693
34.800000000000004,-0.74224077961828749,0.015931612028114717
34.850000000000001,-0.73172706540150712,0.40369677522278741
34.899999999999999,-0.70204749636552344,0.78088806273877187
34.950000000000003,-0.65397945553811831,1.1376258427116364
35,-0.5887819722037142,1.4645662125145216
35.050000000000004,-0.50816274158297614,1.7531457437233138
35.100000000000001,-0.41423339434953488,1.995805776359608
35.149999999999999,-0.3094541862521864,2.1861904110368306
35.200000000000003,-0.19656956047172797,2.3193129736756735
35.25,-0.078536261092526899,2.3916866363435889
35.300000000000004,0.041554102057175538,2.4014157372333029
35.350000000000001,0.16055606188482344,2.3482454679076876
35.399999999999999,0.27535264360605494,2.233568481137584
35.450000000000003,0.38293701486343629,2.0603884629572584
35.5,0.48049125658261715,1.8332414472505829
35.550000000000004,0.56546017053684994,1.5580770207267742
35.600000000000001,0.63561819684105969,1.2421024587488889
35.649999999999999,0.68912771261690264,0.89359396824018356
35.700000000000003,0.72458716293829473,0.52167990034655465
35.75,0.7410677715777958,0.13610166282671654
35.800000000000004,0.73813786676611859,-0.2530414388462065
35.850000000000001,0.7158741908156081,-0.63555672153786602
35.899999999999999,0.67485988766199279,-1.0014251051839334
35.950000000000003,0.61616923063122953,-1.3410635334026206
36,0.54133948187105663,-1.6455759842173729
36.050000000000004,0.45233062908695137,-1.9069864757800603
36.100000000000001,0.35147404790291586,-2.1184479793656101
36.149999999999999,0.24141143710263657,-2.2744217610147697
36.200000000000003,0.12502562640847389,-2.370822458728262
36.25,0.0053650659967148656,-2.4051250851542467
36.300000000000004,-0.11443601671744644,-2.3764311643498481
36.350000000000001,-0.23123972374426366,-2.2854922706556495
36.399999999999999,-0.34198665560813307,-2.1346903268662638
36.450000000000003,-0.44377605668220432,-1.9279752303190834
36.5,-0.53394179659588048,-1.6707613948575852
36.550000000000004,-0.61012219778542309,-1.3697859269484256
36.600000000000001,-0.67032189521425667,-1.0329321647229492
36.649999999999999,-0.7129641004447671,-0.66902319311029901
36.700000000000003,-0.73693190257999208,-0.2875907456666752
36.75,-0.7415975236521658,0.10137445788036492
36.800000000000004,-0.7268387568297292,0.48768440157922965
36.850000000000001,-0.69304217298600634,0.86122061236230496
36.899999999999999,-0.64109299302128919,1.2121991961175951
36.950000000000003,-0.57235190245672851,1.5314271006248434
37,-0.48861941081568633,1.8105429082623885
37.050000000000004,-0.39208869200400692,2.0422358419865185
37.100000000000001,-0.28528813722291296,2.2204372485233104
37.149999999999999,-0.17101513560009626,2.3404795655602841
37.200000000000003,-0.052262797930324088,2.3992185707651417
37.25,0.067858438518522177,2.3951157353923467
37.300000000000004,0.18620228320522772,2.3282785254866236
37.350000000000001,0.29966899988343243,2.2004575843556586
37.399999999999999,0.40528659874459116,2.0150008779333937
37.450000000000003,0.50028867601334204,1.776766005945499
37.5,0.58218686448120482,1.4919929973270383
37.550000000000004,0.64883607399243592,1.1681407494493226
37.600000000000001,0.69849056694076139,0.81369180513491701
37.649999999999999,0.72984975474880376,0.43793013535534953
37.700000000000003,0.74209225289197434,0.050697923510246129
37.75,0.73489740039411866,-0.33786220779474629
37.800000000000004,0.70845365315602049,-0.71757283970713559
37.850000000000001,0.66345364280015762,-1.0784883525103792
37.899999999999999,0.60107603969489254,-1.4111554072467649
37.950000000000003,0.52295467547752816,-1.7068606088449207
38,0.4311357519558684,-1.9578586599306413
38.050000000000004,0.32802425016900355,-2.1575752402837929
38.100000000000001,0.21632093108863398,-2.3007792508271372
38.149999999999999,0.098951597749828313,-2.3837198067075303
38.200000000000003,-0.02100953852749423,-2.4042244756545652
38.25,-0.14042038030179971,-2.3617561866921051
38.300000000000004,-0.25615324373444681,-2.2574272961504609
38.350000000000001,-0.36517678088372918,-2.0939704494092033
38.400000000000006,-0.46463537827958229,-1.8756670103678892
38.450000000000003,-0.55192395389082827,-1.6082349219970173
38.5,-0.6247561888098806,-1.298678939956327
38.550000000000004,-0.68122441535419143,-0.95510715509235466
38.600000000000001,-0.71984958490482875,-0.58651861102176417
38.650000000000006,-0.73962000447005671,-0.20256760220293502
38.700000000000003,-0.74001783448083558,0.18668918772516063
38.75,-0.72103265369484781,0.57105610808275231
38.800000000000004,-0.6831617331236608,0.94046556808533377
38.850000000000001,-0.62739701152100225,1.2852417629823756
38.900000000000006,-0.55519911465959004,1.5963540923250061
38.950000000000003,-0.46845910667366891,1.8656536607818053
39,-0.36944892085438757,2.0860869363167747
39.050000000000004,-0.26076188564421554,2.2518801745961987
39.100000000000001,-0.14524481146978971,2.358690738479015
39.150000000000006,-0.025923392941827578,2.4037209680367502
39.200000000000003,0.094077032156260648,2.385791401035152
39.25,0.21161333208287189,2.305371685688117
39.300000000000004,0.32360692254905565,2.1645682268336759
39.350000000000001,0.42712439627087623,1.9670690389347527
39.400000000000006,0.51945435212456914,1.7180471590127899
39.450000000000003,0.59817843188816811,1.4240251242815494
39.5,0.66123464907787954,1.0927041398077912
39.550000000000004,0.70697139705462775,0.73276236714009946
39.600000000000001,0.73419070953915233,0.35362762874271625
39.650000000000006,0.74217964215608057,-0.034769551222646217
39.700000000000003,0.73072894237870378,-0.42225604725654509
39.75,0.70013853202563403,-0.79868254801182237
39.800000000000004,0.6512096536367169,-1.1541894540027007
39.850000000000001,0.58522388334207776,-1.4794651038398041
39.900000000000006,0.50390957076118625,-1.7659896298514941
39.950000000000003,0.40939653864248593,-2.0062583169132147
40,0.30416032919116842,-2.193977853886302
40.050000000000004,0.19095736143545872,-2.3242313352613899
40.100000000000001,0.072752717974775144,-2.3936070707994586
40.150000000000006,-0.047357511498182778,-2.4002879505050259
40.200000000000003,-0.16622732499132464,-2.3440989790980642
40.25,-0.28074320965150551,-2.2265118961580046
40.300000000000004,-0.38790569251654516,-2.0506065969294887
40.350000000000001,-0.48490790566541936,-1.8209905224705147
40.400000000000006,-0.56920910577993189,-1.543677921460342
40.450000000000003,-0.63860122273023956,-1.22593234173711
40.5,-0.69126669522359485,-0.87607637515684744
40.550000000000004,-0.7258260770421916,-0.50327366533603657
40.600000000000001,-0.74137416663668187,-0.11728889803288889
40.650000000000006,-0.73750371913789636,0.27176797316066714
40.700000000000003,-0.71431611260839978,0.65370654228083491
40.75,-0.67241868913410441,1.0185228174164669
40.800000000000004,-0.61290885197273626,1.3566612991733418
40.850000000000001,-0.53734532114717148,1.6592652566102606
40.900000000000006,-0.44770730395267255,1.9184086963407883
40.950000000000003,-0.3463426569705812,2.1273039734077708
41,-0.23590638902250793,2.2804795623554521
41.050000000000004,-0.11929111853140847,2.3739233901556496
41.100000000000001,0.00044870281194483996,2.4051879384194694
41.150000000000006,0.12017677480463136,2.3734542996889059
41.200000000000003,0.23675710172535017,2.2795536607651705
41.25,0.34713613811857252,2.125945522635885
41.300000000000004,0.44842276661863911,1.9166532868476878
41.350000000000001,0.53796402676574351,1.657158862546841
41.400000000000006,0.61341458662940518,1.3542590661104319
41.450000000000003,0.67279817993555013,1.0158876223838327
41.5,0.71455942009717455,0.65090745623352431
41.550000000000004,0.73760445620575366,0.26887833593543903
41.600000000000001,0.74132970570673751,-0.12019336433994382
41.650000000000006,0.72563760732883564,-0.5061168603932068
41.700000000000003,0.69093915149378393,-0.8787838237281993
41.75,0.63814318467533293,-1.2284331280035947
41.800000000000004,0.56863257112771093,-1.5459065393434952
41.850000000000001,0.48422796318304723,-1.8228885565229516
41.900000000000006,0.38714014283295267,-2.052124265224863
41.950000000000003,0.27991211515841619,-2.2276094284945196
42,0.16535246318337429,-2.3447476183448428
42.050000000000004,0.04646180705007881,-2.4004706948378249
42.100000000000001,-0.07364579346252792,-2.3933191263134841
42.150000000000006,-0.19182440833733733,-2.3234803272678204
42.200000000000003,-0.30497863676086179,-2.1927835002749556
42.25,-0.41014467285767453,-2.0046519095357889
42.300000000000004,-0.50456794163987695,-1.7640132172428931
42.350000000000001,-0.5857752400680214,-1.4771703537755194
42.400000000000006,-0.65163954577607075,-1.1516365677387508
42.450000000000003,-0.7004357139326538,-0.79593843464167935
42.5,-0.73088562527884859,-0.41939256208821374
42.550000000000004,-0.74219172119760579,-0.031861692159170049
42.600000000000001,-0.73405786932196704,0.35650373999410329
42.650000000000006,-0.70669711287230608,0.73553140039219256
42.700000000000003,-0.66082610224009064,1.0952935639943659
42.75,-0.59764631969272719,1.4263671103509059
42.800000000000004,-0.51881261323790173,1.7200803366392823
42.850000000000001,-0.42638985138231811,1.9687401140566896
42.900000000000006,-0.3227988132540483,2.1658334881185697
42.950000000000003,-0.21075281547455815,2.3061980396241535
43,-0.093186647804557987,2.3861571893520592
43.050000000000004,0.026820323196818152,2.4036165840261625
43.100000000000001,0.14612480365397237,2.3581189179749833
43.150000000000006,0.26160189115792731,2.2508559198418112
43.200000000000003,0.37022693743378232,2.0846370897860544
43.25,0.46915476292463748,1.8638161425013293
43.300000000000004,0.55579419772305205,1.5941769506817445
43.350000000000001,0.62787592584880314,1.2827820678067301
43.400000000000006,0.68351193101991614,0.93778775238678169
43.450000000000003,0.72124496118388803,0.56823031090325449
43.5,0.74008669043301634,0.18378942229041484
43.550000000000004,0.73954360397339258,-0.20546539595681085
43.600000000000001,0.71962992689573235,-0.58933853708173556
43.650000000000006,0.68086725073181809,-0.95777535454616192
43.700000000000003,0.62427087098493428,-1.3011255192628832
43.75,0.55132319557458842,-1.6103957865642766
43.800000000000004,0.4639349165180941,-1.8774855554805436
43.850000000000001,0.36439496572522462,-2.0953990346250553
43.900000000000006,0.25531055909241179,-2.2584284971850934
43.950000000000003,0.13953890153616971,-2.3623037869513119
44,0.020112355096732589,-2.4043041431378573
44.050000000000004,-0.099840997208675272,-2.3833294715972388
44.100000000000001,-0.217179252224483,-2.2999291376960511
44.150000000000006,-0.32882901074484094,-2.1562876062637635
44.200000000000003,-0.431865871836349,-1.9561672331555671
44.25,-0.5235910283587405,-1.7048096960537167
44.300000000000004,-0.60160193473393586,-1.4087986423012109
44.350000000000001,-0.66385530136282278,-1.0758874866970911
44.400000000000006,-0.70872053980003624,-0.71479602906159823
44.450000000000003,-0.73502252572013782,-0.3349822282587091
44.5,-0.74207234513942821,0.053605597498981458
44.550000000000004,-0.72968533089626919,0.44078933231235939
44.600000000000001,-0.69818590680085924,0.81642758525266346
44.650000000000006,-0.64839917454786367,1.1706813874720918
44.700000000000003,-0.58162916477457005,1.4942719165131129
44.75,-0.49962476764297548,1.7787234778111516
44.800000000000004,-0.40453389624352731,2.0165855475535981
44.850000000000001,-0.29884723245016448,2.2016278992370433
44.900000000000006,-0.18533299052652175,2.3290037952130125
44.950000000000003,-0.066964407789834812,2.3953769352084868
45,0.053158126544262406,2.3990089347094852
45.050000000000004,0.17188830096830937,2.3398046273463233
45.100000000000001,0.28611626168278131,2.2193146664307095
45.150000000000006,0.39285007240528447,2.0406949556596481
45.200000000000003,0.48929409217268705,1.8086240931984421
45.25,0.57292220081718714,1.5291806331850648
45.300000000000004,0.64154395903264871,1.2096839419723531
45.350000000000001,0.69336198404545435,0.85850248763263282
45.400000000000006,0.72701902841687382,0.48483463790693254
45.450000000000003,0.74163352840070429,0.098467740834293604
45.5,0.73682272223642509,-0.290478220690638
45.550000000000004,0.71271259142061438,-0.67181577527058345
45.600000000000001,0.66993462977434304,-1.0355566729731862
45.650000000000006,0.60960930571469485,-1.3721735710714174
45.700000000000003,0.53331672407240449,-1.6728495939583876
45.75,0.4430551818230653,-1.929709247423445
45.800000000000004,0.34118887019108463,-2.1360247024742134
45.850000000000001,0.23038593801539242,-2.2863920252503154
45.900000000000006,0.11354860681709039,-2.376872707832375
45.950000000000003,-0.0062628385788431051,-2.4050969672858651
46,-0.12591024156458411,-2.3703254217911098
46.050000000000004,-0.24225972300111018,-2.273468826303255
46.100000000000001,-0.35226383147261936,-2.1170640370180562
46.150000000000006,-0.45304112692004217,-1.9052077595619781
46.200000000000003,-0.54195212362533618,-1.643449132500336
46.25,-0.61666795873856839,-1.3386442662319682
46.300000000000004,-0.67523163213958826,-0.99877679633390015
46.350000000000001,-0.71610921004614725,-0.63274875742171754
46.400000000000006,-0.73823003306398582,-0.25014743804651518
46.450000000000003,-0.74101466137034733,0.13900594200279948
46.5,-0.72439016610854179,0.52451838680217766
46.550000000000004,-0.68879198863783075,0.89629231059862102
46.600000000000001,-0.63515253931657567,1.2445899783601879
46.650000000000006,-0.56487675308010599,1.5602885114033338
46.700000000000003,-0.47980535754734238,1.8351189386588469
46.75,-0.38216661345692188,2.0618827653178728
46.800000000000004,-0.27451792452182244,2.2346404146220373
46.850000000000001,-0.15967891365085402,2.3488670091275874
46.900000000000006,-0.040657510898222275,2.4015707038607537
46.950000000000003,0.079428831135565273,2.3913709048250631
47,0.19743472428185754,2.3185348068770413
47.050000000000004,0.31026928216054278,2.1849701950972333
47.100000000000001,0.41497707169691045,1.9941754755584924
47.150000000000006,0.50881551465370756,1.7511480343114953
47.200000000000003,0.58932672332904545,1.4622533774874362
47.25,0.65440190582335311,1.1350584808679065
47.300000000000004,0.70233657443288644,0.77813344750218727
47.350000000000001,0.73187519842462789,0.40082709359933372
47.400000000000006,0.74224408051322244,0.013022057305233915
47.450000000000003,0.73317167708377395,-0.37512402025103847
47.5,0.70489557970859784,-0.75344461836770005
47.550000000000004,0.65815640174563017,-1.1120306001096414
47.600000000000001,0.59417837992311706,-1.4414894040669075
47.650000000000006,0.51463726394122244,-1.7331918307358907
47.700000000000003,0.4216164475622175,-1.9794974204614979
47.75,0.31755238353865972,-2.1739547104636308
47.800000000000004,0.20517083685646842,-2.3114705516397063
47.850000000000001,0.087415314397620125,-2.3884428846680703
47.900000000000006,-0.03262985886718886,-2.4028556082717429
47.950000000000003,-0.1518203695026577,-2.3543312293156271
48,-0.26703430692672853,-2.2441407299565039
48.050000000000004,-0.37525391391735474,-2.0751702896899924
48.100000000000001,-0.47364463451960293,-1.8518456883170569
48.150000000000006,-0.55962933409439397,-1.5800164325089576
48.200000000000003,-0.63095590701966042,-1.2668023781464499
48.25,-0.68575610064503367,-0.92040740668941479
48.300000000000004,-0.72259453704724708,-0.54990454509901066
48.350000000000001,-0.74050631543924095,-0.16499823168762612
48.400000000000006,-0.73902227960256606,0.22422983237077002
48.450000000000003,-0.71818130659319945,0.60758472687725706
48.5,-0.67852927719774214,0.9750253808809054
48.550000000000004,-0.62110478293564553,1.3169275576431649
48.600000000000001,-0.54741192839976516,1.6243359032724896
48.650000000000006,-0.45938091605319564,1.8891986708324269
48.700000000000003,-0.35931750485063452,2.1045783927390107
48.75,-0.24984262407991981,2.264833665033946
48.800000000000004,-0.13382370799761859,2.3657669786195874
48.850000000000001,-0.014299596337273679,2.4047346384157162
48.900000000000006,0.10559906076120974,2.380715979227539
48.950000000000003,0.22273180244390089,2.2943401115689595
49,0.33403061370836218,2.1478694316058635
49.050000000000004,0.43658028512863178,1.9451404067562319
49.100000000000001,0.52769477132728571,1.6914630425806707
49.150000000000006,0.60498753612893275,1.3934817980040333
49.200000000000003,0.66643407759851603,1.0590015883180781
49.25,0.71042494994981953,0.69678335162540395
49.300000000000004,0.73580792867653899,0.31631456172131905
49.350000000000001,0.74191819034363282,-0.072439287394575724
49.400000000000006,0.72859565739544585,-0.45929579179962865
49.450000000000003,0.69618928895057641,-0.83412213149359682
49.5,0.64554789017806313,-1.1871006152828159
49.550000000000004,0.57799789597998863,-1.5089858104291891
49.600000000000001,0.49530860322270404,-1.7913466571790855
49.650000000000006,0.39964587598811113,-2.0267873873401125
49.700000000000003,0.29351537436356456,-2.2091411782104484
49.75,0.17969694934699418,-2.333631762086529
49.800000000000004,0.061171796135166712,-2.3969983514076723
49.850000000000001,-0.058955593048156736,-2.397581276831886
49.900000000000006,-0.17753877108428875,-2.335365297587237
49.950000000000003,-0.29147174087368832,-2.2119800086623616
50,-0.39777029921607865,-2.0306571516527718
50.050000000000004,-0.49365020744504912,-1.7961460467671282
50.100000000000001,-0.5766001142581556,-1.5145891425406603
50.150000000000006,-0.64444733837322021,-1.1933611757332434
50.200000000000003,-0.69541481418257445,-0.84087602626962243
50.25,-0.72816754376209836,-0.46636609254120542
50.300000000000004,-0.74184765113518047,-0.079640797355914533
50.350000000000001,-0.73609682237749563,0.30917051097946818
50.400000000000006,-0.71106568388263813,0.68988383583245916
50.450000000000003,-0.66740986707242766,1.0525272927938178
50.5,-0.60627283227783912,1.3876022933614662
50.550000000000004,-0.52925592006025457,1.6863323384750888
50.600000000000001,-0.43837642015489164,1.9408928479368082
50.650000000000006,-0.33601468438727627,2.1446163700130167
50.700000000000003,-0.22485182822766731,2.2921668135113582
50.75,-0.10779951200525875,2.3796793687380036
50.800000000000004,0.012076358018901567,2.4048618396077845
50.850000000000001,0.13163591817154302,2.3670546584254493
50.900000000000006,0.24774759106184002,2.2672480937805073
50.950000000000003,0.35737010606424491,2.1080563441112807
51,0.45763216040570692,1.8936490420821999
51.050000000000004,0.54590762562797368,1.6296420827919325
51.100000000000001,0.61988433527547404,1.322950511961799
51.150000000000006,0.677624642680696,0.98160740034728033
51.200000000000003,0.7176161762520864,0.61455343889252312
51.25,0.73881145846593332,0.23140272152170752
51.300000000000004,0.74065533526929805,-0.15780908618119152
51.350000000000001,0.72309950143579182,-0.54288744317275073
51.400000000000006,0.68660379222368451,-0.91374615621115685
51.450000000000003,0.63212412659435646,-1.2606714541344872
51.5,0.56108746967869183,-1.5745764553150707
51.550000000000004,0.47535446450625263,-1.8472391327913111
51.600000000000001,0.37717068101400375,-2.0715177690390365
51.650000000000006,0.26910781019568142,-2.2415379194913219
51.700000000000003,0.15399630158032007,-2.3528463138653515
51.75,0.034851226538787208,-2.4025274957912637
51.800000000000004,-0.085206708494861116,-2.3892801926163938
51.850000000000001,-0.20303285219530678,-2.3134513598401845
51.900000000000006,-0.31554103222292335,-2.1770271574773985
51.950000000000003,-0.41978436379029321,-1.9835808939384048
52,-0.51303243296143497,-1.7381794486322366
52.050000000000004,-0.59284283618467659,-1.4472505316107656
52.100000000000001,-0.65712514447565407,-1.1184143013154737
52.150000000000006,-0.70419562408443925,-0.76028384601550081
52.200000000000003,-0.73282136461741099,-0.38223955841715634
52.25,-0.74225258351615964,0.0058165888164630752
52.300000000000004,-0.73224225740499038,0.39372038997938347
52.350000000000001,-0.70305258209164401,0.77131162542470322
52.400000000000006,-0.65544810958152144,1.128700186418933
52.450000000000003,-0.59067572577068916,1.4565251238730594
52.5,-0.51043199175772225,1.7461998401622625
52.550000000000004,-0.4168187032742538,1.9901369899733174
52.600000000000001,-0.31228783880785455,2.1819472199247065
52.650000000000006,-0.19957733657633492,2.3166065178262452
52.700000000000003,-0.081639379081272362,2.3905878067103474
52.75,0.038436927259385308,2.4019533204227943
52.800000000000004,0.15750646848961777,2.3504053674372178
52.850000000000001,0.27245050850806746,2.2372941267505935
52.900000000000006,0.38025835408888575,2.0655822709375711
52.950000000000003,0.47810623237950434,1.839767384482119
53,0.56343125158373197,1.5657641535775757
53.050000000000004,0.63399852545016777,1.2507494427919181
53.100000000000001,0.6879597121481188,0.90297431738446376
53.150000000000006,0.72390142697796833,0.53154792216706648
53.200000000000003,0.74088226120164336,0.1461988877645761
53.25,0.73845744204848784,-0.24297948217193369
53.300000000000004,0.71669048174372973,-0.62579358306165023
53.350000000000001,0.67615151396921258,-0.99221650799638028
53.400000000000006,0.61790236073196514,-1.3326506763702324
53.450000000000003,0.54346872020511994,-1.6381792238400483
53.5,0.45480020351072159,-1.9007995494746295
53.550000000000004,0.35421927429635097,-2.1136329390272426
53.600000000000001,0.24436041251015495,-2.2711047244876941
53.650000000000006,0.12810111677571898,-2.3690902994122016
53.700000000000003,0.0084865220472514751,-2.4050231762081178
53.75,-0.11135036798986131,-2.3779621930766344
53.800000000000004,-0.22827070129443691,-2.2886161319689702
53.850000000000001,-0.33921202391898331,-2.1393251911902729
53.900000000000006,-0.44126848912755073,-1.9339996900623062
53.950000000000003,-0.53176697082519386,-1.6780176573175603
54,-0.60833706203623938,-1.378083891734933
